{
    "objective_function_1": {
        "num_iterations run": 2,
        "n_rs": 5,
        "EI_bool": true,
        "Xtrain dataset": [
            [
                0.5,
                0.5
            ],
            [
                0.75,
                0.25
            ],
            [
                0.25,
                0.75
            ],
            [
                0.375,
                0.375
            ],
            [
                0.875,
                0.875
            ],
            [
                0.5,
                0.5
            ],
            [
                0.9476322568516703,
                0.226547421131723
            ]
        ],
        "ytrain dataset": [
            [
                -11.714733542319749
            ],
            [
                -10.587948764207107
            ],
            [
                -13.708478513356562
            ],
            [
                -12.699847107105496
            ],
            [
                -10.32317646864632
            ],
            [
                -11.714733542319749
            ],
            [
                -10.227632601582592
            ]
        ],
        "x_best": [
            0.25,
            0.75
        ],
        "y_best": [
            -13.708478513356562
        ]
    },
    "objective_function_2": {
        "num_iterations run": 2,
        "n_rs": 5,
        "EI_bool": false,
        "Xtrain dataset": [
            [
                2.5,
                7.5
            ],
            [
                6.25,
                3.75
            ],
            [
                -1.25,
                11.25
            ],
            [
                0.625,
                5.625
            ],
            [
                8.125,
                13.125
            ],
            [
                -5.088918276546228,
                -0.034805862899349255
            ],
            [
                10.11800257700265,
                -0.13126561366956319
            ]
        ],
        "ytrain dataset": [
            [
                28.890760451931996
            ],
            [
                67.06590482997834
            ],
            [
                24.73814493848387
            ],
            [
                18.07745658874253
            ],
            [
                368.68460651822147
            ],
            [
                195.15105355551208
            ],
            [
                77.69545323270468
            ]
        ],
        "x_best": [
            0.625,
            5.625
        ],
        "y_best": [
            18.07745658874253
        ]
    }
}