{
    "objective_function_1": {
        "num_iterations run": 40,
        "n_rs": 5,
        "EI_bool": true,
        "Xtrain dataset": [
            [
                0.5,
                0.5
            ],
            [
                0.75,
                0.25
            ],
            [
                0.25,
                0.75
            ],
            [
                0.375,
                0.375
            ],
            [
                0.875,
                0.875
            ],
            [
                0.9476322568516703,
                0.226547421131723
            ],
            [
                0.9476322568516703,
                0.226547421131723
            ],
            [
                0.5,
                0.5
            ],
            [
                0.9476322568516703,
                0.226547421131723
            ],
            [
                0.9476322568516703,
                0.226547421131723
            ],
            [
                0.5,
                0.5
            ],
            [
                0.9476322568516703,
                0.226547421131723
            ],
            [
                0.9476322568516703,
                0.226547421131723
            ],
            [
                -0.003280004374098684,
                0.31248825056397256
            ],
            [
                0.9476322568516703,
                0.226547421131723
            ],
            [
                0.22312632503342297,
                0.9050649029300363
            ],
            [
                0.9476322568516703,
                0.226547421131723
            ],
            [
                0.5,
                0.5
            ],
            [
                0.5,
                0.5
            ],
            [
                0.9476322568516703,
                0.226547421131723
            ],
            [
                0.9476322568516703,
                0.226547421131723
            ],
            [
                0.18264264872155503,
                0.9435074605075744
            ],
            [
                0.9476322568516703,
                0.226547421131723
            ],
            [
                0.13805876158927347,
                0.9458311253511045
            ],
            [
                0.1523518547822796,
                0.9830833159743496
            ],
            [
                0.9452072037246395,
                0.3036938263875993
            ],
            [
                0.5,
                0.5
            ],
            [
                0.5825313232684828,
                0.4283332691441501
            ],
            [
                0.9476322568516703,
                0.226547421131723
            ],
            [
                0.75,
                0.25
            ],
            [
                0.9476322568516703,
                0.226547421131723
            ],
            [
                0.3660091057925372,
                0.3749862228992757
            ],
            [
                0.9476322568516703,
                0.226547421131723
            ],
            [
                0.5,
                0.5
            ],
            [
                0.5,
                0.5
            ],
            [
                0.5,
                0.5
            ],
            [
                0.9476322568516703,
                0.226547421131723
            ],
            [
                0.9476322568516703,
                0.226547421131723
            ],
            [
                0.9476322568516703,
                0.226547421131723
            ],
            [
                0.9476322568516703,
                0.226547421131723
            ],
            [
                0.9476322568516703,
                0.226547421131723
            ],
            [
                0.9476322568516703,
                0.226547421131723
            ],
            [
                0.5,
                0.5
            ],
            [
                0.5,
                0.5
            ],
            [
                0.5,
                0.5
            ]
        ],
        "ytrain dataset": [
            [
                -11.714733542319749
            ],
            [
                -10.587948764207107
            ],
            [
                -13.708478513356562
            ],
            [
                -12.699847107105496
            ],
            [
                -10.32317646864632
            ],
            [
                -10.227632601582592
            ],
            [
                -10.227632601582592
            ],
            [
                -11.714733542319749
            ],
            [
                -10.227632601582592
            ],
            [
                -10.227632601582592
            ],
            [
                -11.714733542319749
            ],
            [
                -10.227632601582592
            ],
            [
                -10.227632601582592
            ],
            [
                -2.658959128212854
            ],
            [
                -10.227632601582592
            ],
            [
                -13.794811160468152
            ],
            [
                -10.227632601582592
            ],
            [
                -11.714733542319749
            ],
            [
                -11.714733542319749
            ],
            [
                -10.227632601582592
            ],
            [
                -10.227632601582592
            ],
            [
                -13.663755083993061
            ],
            [
                -10.227632601582592
            ],
            [
                -12.887768644430295
            ],
            [
                -13.232218709415017
            ],
            [
                -10.230254780193405
            ],
            [
                -11.714733542319749
            ],
            [
                -11.229512091204912
            ],
            [
                -10.227632601582592
            ],
            [
                -10.587948764207107
            ],
            [
                -10.227632601582592
            ],
            [
                -12.779984416124718
            ],
            [
                -10.227632601582592
            ],
            [
                -11.714733542319749
            ],
            [
                -11.714733542319749
            ],
            [
                -11.714733542319749
            ],
            [
                -10.227632601582592
            ],
            [
                -10.227632601582592
            ],
            [
                -10.227632601582592
            ],
            [
                -10.227632601582592
            ],
            [
                -10.227632601582592
            ],
            [
                -10.227632601582592
            ],
            [
                -11.714733542319749
            ],
            [
                -11.714733542319749
            ],
            [
                -11.714733542319749
            ]
        ],
        "x_best": [
            0.22312632503342297,
            0.9050649029300363
        ],
        "y_best": [
            -13.794811160468152
        ]
    },
    "objective_function_2": {
        "num_iterations run": 40,
        "n_rs": 5,
        "EI_bool": true,