{
    "objective_function_1": {
        "num_iterations run": 13,
        "n_rs": 5,
        "EI_bool": true,
        "Xtrain dataset": [
            [
                0.5,
                0.5
            ],
            [
                0.75,
                0.25
            ],
            [
                0.25,
                0.75
            ],
            [
                0.375,
                0.375
            ],
            [
                0.875,
                0.875
            ],
            [
                0.5,
                0.5
            ],
            [
                0.9476322568516703,
                0.226547421131723
            ],
            [
                0.9476322568516703,
                0.226547421131723
            ],
            [
                0.1875,
                0.3125
            ],
            [
                0.9476322568516703,
                0.226547421131723
            ],
            [
                0.5,
                0.5
            ],
            [
                0.5,
                0.5
            ],
            [
                0.5,
                0.5
            ],
            [
                0.5,
                0.5
            ],
            [
                0.9476322568516703,
                0.226547421131723
            ],
            [
                0.5,
                0.5
            ],
            [
                0.5,
                0.5
            ],
            [
                0.9476322568516703,
                0.226547421131723
            ]
        ],
        "ytrain dataset": [
            [
                -11.714733542319749
            ],
            [
                -10.587948764207107
            ],
            [
                -13.708478513356562
            ],
            [
                -12.699847107105496
            ],
            [
                -10.32317646864632
            ],
            [
                -11.714733542319749
            ],
            [
                -10.227632601582592
            ],
            [
                -10.227632601582592
            ],
            [
                -13.70210154547504
            ],
            [
                -10.227632601582592
            ],
            [
                -11.714733542319749
            ],
            [
                -11.714733542319749
            ],
            [
                -11.714733542319749
            ],
            [
                -11.714733542319749
            ],
            [
                -10.227632601582592
            ],
            [
                -11.714733542319749
            ],
            [
                -11.714733542319749
            ],
            [
                -10.227632601582592
            ]
        ],
        "x_best": [
            0.25,
            0.75
        ],
        "y_best": [
            -13.708478513356562
        ]
    },
    "objective_function_2": {
        "num_iterations run": 13,
        "n_rs": 5,
        "EI_bool": false,
        "Xtrain dataset": [
            [
                2.5,
                7.5
            ],
            [
                6.25,
                3.75
            ],
            [
                -1.25,
                11.25
            ],
            [
                0.625,
                5.625
            ],
            [
                8.125,
                13.125
            ],
            [
                10.19262638520494,
                -0.1355605857983703
            ],
            [
                -1.9396028781984076,
                7.4981522056915555
            ],
            [
                -5.1234961435087705,
                -0.1309572452821888
            ],
            [
                -5.007144842310453,
                -0.003582131065461683
            ],
            [
                -5.010723444461751,
                -0.00970981942409837
            ],
            [
                3.724384484547162,
                -0.1385449152194586
            ],
            [
                3.687098781486895,
                1.229225088642284
            ],
            [
                3.5253780531355337,
                -0.002940835663695228
            ],
            [
                6.646904794239141,
                14.790410950980567
            ],
            [
                2.4351759951883607,
                -0.009035912255602255
            ],
            [
                2.6244847629669246,
                -0.011326819364446083
            ],
            [
                1.9915161861690507,
                -0.012841496175958726
            ],
            [
                1.5418553609635746,
                -0.01187557613459728
            ]
        ],
        "ytrain dataset": [
            [
                28.890760451931996
            ],
            [
                67.06590482997834
            ],
            [
                24.73814493848387
            ],
            [
                18.07745658874253
            ],
            [
                368.68460651822147
            ],
            [
                80.00119338427385
            ],
            [
                8.32934094369128
            ],
            [
                199.43367515281292
            ],
            [
                190.36788805716313
            ],
            [
                190.70366710133194
            ],
            [
                2.46196564788269
            ],
            [
                2.177268342657829
            ],
            [
                1.8147473468137623
            ],
            [
                361.6166760756044
            ],
            [
                8.688054697358254
            ],
            [
                6.376886245693314
            ],
            [
                15.69154017849884
            ],
            [
                24.393809185820135
            ]
        ],
        "x_best": [
            3.5253780531355337,
            -0.002940835663695228
        ],
        "y_best": [
            1.8147473468137623
        ]
    }
}